,,,,,,,,,,
,,,,,,,,,,
,,,,,,,,,,
,,,,,,,,,,
,,,,,,,,,,
,,,,,,,,,,
,DoPEAPIVERSION = $0289;,,,Stand vom,2020-02-05 00:00:00,,,,,
,,,,,,,,,,
,,,,,,,,,,
,Houns01.pas,99 kB,uses,"Windows, .., Houns02",,,,,,
,,,uses,"Houns04b, Houns07, IniFiles, Clipbrd;",,,,,,
,,,,,,,,,,
,,,TFormDruckSensor,,,,,,,
,,,,,,,,,,
,,,,,,,,,,
,Houns02.pas,281 kB,uses,"Windows, .., Houns03, Houns04, Houns04b, Houns05, Houns06, Houns08;",,,,,,
,,,uses,"Dialogs, Houns04a, Clipbrd;",,,,,,
,,,,,,,,,,
,,,TMyDoPEData = Class(TObject),,,,,,,
,,,TZirkularPuffer = Class(TObject),,,,,,,
,,,TKraftStufe = Class(TObject),,,,,,,
,,,TSchrittBiegung = Class(TObject),,,,,,,
,,,TInfoKraftZyklus = Class(TObject),,,,,,,
,,,TZoomInfo = Class(TObject),,,,,,,
,,,TGrafikBiegung = Class(TObject),,,,,,,
,,,TSteuerungBiegung = Class(TObject),,,,,,,
,,,TMessdatenBiegung = Class(TObject),,,,,,,
,,,TSynchronisationBiegung = Class(TObject),,,,,,,
,,,TMatrixPunktMessung = Class(TObject),,,,,,,
,,,TSensorMessdaten = Class(TObject),,,,,,,
,,,TDoPE = Class;,,,,,,,
,,,TSensorenMessung = Class(TObject),,,,,,,
,,,TSteuerungMessung = Class(TObject),,,,,,,
,,,TSteuerungAblauf = Class(TObject),,,,,,,
,,,TDoPE = Class(TObject),,,,,,,
,,,    GlobalAntriebe : TGlobalAntriebe;,,,,,,,
,,,    AuswertungAntworten : TAuswertungAntworten;,,,,,,,
,,,    SteuerungMessung : TSteuerungMessung;,,,,,,,
,,,    SteuerungAblauf : TSteuerungAblauf;,,,,,,,
,,,    SteuerungBiegung : TSteuerungBiegung;,,,,,,,
,,,    MessdatenBiegung : TMessdatenBiegung;,,,,,,,
,,,    SynchronisationBiegung : TSynchronisationBiegung;,,,,,,,
,,,    GrafikBiegung : TGrafikBiegung;,,,,,,,
,,,    RoutineDigipoti : TCBPuffer;,,,,,,,
,,,,,,,,,,
,,,var,,,,,,,
,,,    Anzeige : TStrings;,,,,,,,
,,,    DoPE : TDoPE;,,,,,,,
,,,,,,,,,,
,,,,,,,,,,
,Houns03.pas,94 kB,uses,Windows;,,,,,,
,,,,,,,,,,
,,,Bereitstellung der DoPE-Routinen,,,,,,,
,,,,,,,,,,
,,,,,,,,,,
,Houns04.pas,69 kB,uses,"Windows, .., Houns04b;",,,,,,
,,,uses,"Houns04a, Ho80_4;",,,,,,
,,,,,,,,,,
,,,THDelay = Class(TObject),,,,,,,
,,,TIECGeraet = Class(TObject),,,,,,,
,,,TKei2700 = Class(TIECGeraet),,,,,,,
,,,TKeiMessung = Class(TObject),,,,,,,
,,,TMessStelleDMM = Class(TObject),,,,,,,
,,,TPunkte = Class(TObject),,,,,,,
,,,TBiegePunkte = Class(TPunkte),,,,,,,
,,,TBiegePunkteSynchron = Class(TBiegePunkte),,,,,,,
,,,TZweigInfo = Class(TObject),,,,,,,
,,,,,,,,,,
,,,,,,,,,,
,Houns04a.pas,11 kB,"String -> Integer, Real",,,,,,,
,,,,,,,,,,
,,,,,,,,,,
,Houns04b.pas,2 kB,Definitionen zum DMM - Scanner,,,,,,,
,,,,,,,,,,
,,,,,,,,,,
,Houns05.pas,129 kB,uses,,,,,,,
,,,uses,"Math, Forms;",,,,,,
,,,,,,,,,,
,,,TRealTransformation = Class(TObject),,,,,,,
,,,TIntTransformation = Class(TObject),,,,,,,
,,,TGPunktMarkierung = Class(TObject),,,,,,,
,,,TFWertePaar = Class(TObject),,,,,,,
,,,TGWertePaar = Class(TFWertePaar),,,,,,,
,,,TVorKurveDaten = Class(TObject),,,,,,,
,,,TMausWahl = Class(TObject),,,,,,,
,,,TDGrafikBasis = Class(TObject),,,,,,,
,,,TDGQuadrat = Class(TObject),,,,,,,
,,,TFarbenPalette = Class(TDGQuadrat),,,,,,,
,,,TDGrafikVerteilung = Class(TDGrafikBasis),,,,,,,
,,,TDGrafikGeometrie = Class(TDGrafikBasis),,,,,,,
,,,TDAchsenDaten = Class(TObject),,,,,,,
,,,TDGrafikDaten = Class(TObject),,,,,,,
,,,TDGrafik = Class(TDGrafikGeometrie),,,,,,,
,,,Procedure GrafikBeginn,,,,,,,
,,,,,,,,,,
,,,,,,,,,,
,Houns06.pas,157 kB,uses,,,,,,,
,,,uses,Messages;,,,,,,
,,,,,,,,,,
,,,THDelay = Class(TObject),,,,,,,
,,,TRS232C = Class(TObject),,,,,,,
,,,TMinimot = Class(TRS232C),,,,,,,
,,,TAntriebSchritt = Class(TObject),,,,,,,
,,,TKommunikationInfo = Class(TObject),,,,,,,
,,,TMMAchsenInfo = Class(TObject),,,,,,,
,,,TAuswertungAntworten = Class(TObject),,,,,,,
,,,TAnzeigenForm = Class(TObject),,,,,,,
,,,TGlobalAntriebe = Class(TObject),,,,,,,
,,,,,,,,,,
,,,,,,,,,,
,Houns07.pas,151 kB,uses,"Houns02, Houns04, Houns06;",,,,,,
,,,uses,"Houns08, Houns09, Houns04a, IniFiles;",,,,,,
,,,,,,,,,,
,,,TFormMagazinDruckSensor = Class(TForm),,,,,,,
,,,,AuswDet_keine,,,,,,
,,,,AuswDet_Pneumatik,,,GroupBoxTestMinimotPneumatik,,,Test Minimot und Pneumatik:
,,,,AuswDet_Messspitzen,,,GroupBoxSensorArray,,,Sensor Array:
,,,,AuswDet_Justieren,,,GroupBoxJustieren,,,Justieren:
,,,,AuswDet_Positionierung,,,GroupBoxBewegung,,,Bewegung:
,,,,AuswDet_BiegungParameter,,,GroupBoxKraftSteuerungParameter,,,weitere Parameter:
,,,,,,,,Datenausgabe relativ zu Mindestkraft,,
,,,,,,,,Auswertung in Vorbereitung,,
,,,,,,,,Grafik in Vorbereitung,,
,,,,AuswDet_Biegung,,,GroupBoxBiegung,,,Einstellungen Biegung:
,,,,,,,,ButtonBiegungStart,,
,,,,,,,,ButtonBiegungZwischenablage,,
,,,,,,,,ButtonBiegungInfoZwischenablage,,
,,,,AuswDet_Kraftzyklen,,,GroupBoxKraftSteuerung,,,Kraftsteuerung:
,,,,,,,,ButtonKraftSteuerungMessungStart,,
,,,,,,,,ButtonKraftSteuerungZwischenablageHounsfield,,
,,,,,,,,ButtonKraftSteuerungZwischenablageZyklen,,
,,,,,,,,,,
,,,,,,,,,,
,,,,,,,,,,
,Houns08.pas,26 kB,uses,,,,,,,
,,,uses,Houns04a;,,,,,,
,,,,,,,,,,
,,,TDatenTeachen = Class(TObject),,,,,,,
,,,TRechnenTeachen = Class(TObject),,,,,,,
,,,TMatrixAnordnung = Class(TObject),,,,,,,
,,,,,,,,,,
,,,,,,,,,,
,Houns09.pas,11 kB,uses,,,,,,,
,,,uses,,,,,,,
,,,,,,,,,,
,,,FormBiegungGrafik: TFormBiegungGrafik;,,,,,,,
,,,,,,,,,,
,,,,,,,,,,
,Änderungen auf Version 2.89,,,,,,,,,
,"- dll: DoPE.dll, DoDpx.dll",,,,,,,,,
,- DoPEAPIVERSION = $0289;,,,,,,,,,
,- Renamed function: DoPERefr(Sync),,,,,,,,,
,- New DoPE functions in Version 2.59:,,,,,,,,,
,,- DoPEOpenDeviceID,,,,,,,,
,,- DoPEOpenFunctionID,,,,,,,,
,- Records jezt ohne packed,,,,,,,,,
,- Strukturen geändert in Version 2.68,,,,,,,,,
,,- DoPEOutChaDef,,,,,,,,
,,- DoPEMachineDef,,,,,,,,
,,- DoPEIOSignals,,,,,,,,
,,- DoPESetup,,,,,,,,
,,,,,,,,,,
,,,,,,,,,,
,- DoPEData - Struktur geändert in Version 2.73,,,,,,,,,
,- DigiPoti:,,,,,,,,,
,,- SENSOR_D  -> SENSOR_DP,,,,,,,,
,,- The DigiPoti (Connector X63A) can be defined at any sensor position in the setup.,,,,,,,,
,,- SENSOR_DP can be used in the DoPEFDPoti(Sync) and DoPEIntgr(Sync) commands.,,,,,,,,
,,- TDoPE.AktionDigipotiGeschwindigkeitUni;,,,,,,,,
,,- TDoPE.AktionDigipotiGeschwindigkeitBi;,,,,,,,,
,,- TDoPE.AktionDigipotiPositionManuell;,,,,,,,,
,,- TDoPE.AktionDigipotiKraftManuell;,,,,,,,,
,- aktualisieren:,,,,,,,,,
,,- TDoPE.AusgabeSensorInfo;,,,,,,,,
,,- TDoPE.AusgabeMachineDef;,,,,,,,,
,,- TMyDoPEData.Eintragen(var Data : DoPEData);,,,,-> Data.SensorD fehlt !,,,,
,,- TMyDoPEData.Lese(var Data : TMyRecData) : Boolean;,,,,,,,,
,,,- in DoPEData ist kein SENSOR_DP,,,,,,,
,,,,,,,,,,
,- Fragen:,,,,,,,,,
,,- Setup,,testen in alter Oberfläche (Setup 0 .. 4),,,,,,
,,,,Setup-Info mit DoPERdSetupAll,,,,,,
,,,,TDoPE.AnzeigenSetup,,,,,,
,,,,-> Setup 1 funktioniert,,,,,,
,,- zweiter Kraftsensor,,Sensoren testen in alter Oberfläche (Sensor 0 .. 4),,,,,,
,,,,TDoPE.ReadSensorInfo,,,,,,
,,,,,- Setup wird temporär geladen,,,,,
,,,,,- nur Kraftsensor wird ausgewertet,,,,,
,,,,,- SensorInfo soll auf alle Sensoren erweitert werden (oder neue TDoPE.Function),,,,,
,,,,,- wird bei Init-Hounsfield verwendet,,,,,
,,,,-> Init-Hounsfield nur mit angestecktem Sensor 4 erfolgreich,,,,,,
,,- DigiPoti,,-> bleibt erhalten,,,,,,
,,,,,,,,,,
,,,,,,,,,,
,- Ermittlung der Sensor-Eigenschaften,,,,,,,,,
,,- Verkabelung:,,,,,,,,
,,,Sensor 0,SENSOR_S,X 7,Positions-Sensor,,,,
,,,Sensor 1,SENSOR_F,X 14,10 kN - Kraftmeßdose,,,,
,,,Sensor 3,SENSOR_D,X 63,DigiPoti,,,,
,,,Sensor 4,SENSOR_4,X 21B,Kraftmeßdose (100 N oder 1 kN),,,,
,,- manuelle Eingabe:,,,,,,,,
,,,- nur 10 kN - Kraftmeßdose oder Sensor 4,,,,,,,
,,,,,,,,,,
,- Varianten und Einstellungen:,,,,,,,,,
,,- in alter Oberfläche,,,,,,,,
,,- Auswahl Setup,,,,,Setup 1,(keine Unterschiede ?),,
,,- Auswahl Kraftsensor,,,,,Sensor 1,,,
,,- Kommunikation mit EDC (Windows Messages oder CallBack),,,,,DoPE.CBKanal und DoPE.CBKanal0,,,
,,- DoPE-Synchronisationsbefehle,,,,,DoPE.Boo_isSynchron := True,,,
,,,,,,,,,,
,,- ButtonInitSoftware,,DoPE.OpenDll,,,,,,
,,,,DoPE.CloseDll,,,,,,
,,- ButtonInitVerbindung,,DoPE.OpenLink,,,,,,
,,,,DoPE.CloseLink,,,,,,
,,- ButtonKanalKommunikation,,,DoPE.SetNotification,,"clBtnFace = aus, clYellow = Einstellung geändert, clRed = Fehler",,,
,,,,,,,"clAqua = Kanal_WindowsMsg, clGreen = Kanal_CallBack",,,
,,,Kanal_CallBack,,"DoPESetNotification(DHandle, EvMask, DoPECallBack, WndHandle, CM_CbMessage)",,,,,
,,,Kanal_WindowsMsg,,"DoPESetNotification(DHandle, EvMask, nil, WndHandle, CM_WmMessage)",,,,,
,,,Kanal_ohne,,"DoPESetNotification(DHandle, 0, nil, WndHandle, CM_WmMessage)",,,,,
,,,,,,,,,,
,,,DoPECallBack(hWnd : HWnd; uMsg : UInt; DoPEHdl: WParam; Event  : LParam) : DWord;,,,,,,,
,,,,if Event enthält DoPEEVT_DATAVAIL then ,,,,,,
,,,,hole alle Daten mit DoPEGetData nach RefDoPEData := @DoPE.DData; und speichern mit RouCBPuffer: DoPE.SchreibeZirkularPuffer;,,,,,,
,,,,,ZirkularPuffer.Liste    { TMyDoPEData },,,,,
,,,,"PostMessage(hWnd, uMsg, DoPEHdl, Event);",,,,,,
,,,,,mit hWnd = WndHandle = FormDruckSensor.Handle,,,,,
,,,,,mit uMsg = CM_CbMessage = WM_USER + 1;,,,,,
,,,,,TFormDruckSensor.CMCbMessage(var Message: TMessage);,,,,,
,,,,,geht nach DoPE.RouCbMessage(Message);,,,,,
,,,,,,,,,,
,,,DoPE.RouGetData(Event: DWord),,,,,CM_WmMessage,,
,,,,- DoPEGetMsg,,,,,,
,,,,- DoPEEVT_DATAVAIL --> DoPEGetData nach DoPE.DData,,,,,,
,,,,,- offenbar ohne Zirkularpuffer,,,,,
,,,,,- RoutineDigipoti,,,,,
,,,,,,,,,,
,- Programmtest am 25.11.2019,,,,,,,,,
,,- Hounsfield-Initialisierung OK,,,,,,,,
,,,- Sensor 1 -> OK (mit Limit und SoftLimit),,,,,,,
,,,"- Sensor 4 -> OK (mit Limit, ohne SoftLimit)",,,,,,,
,,- Fehler:,,,,,,,,
,,,"- ausgewählt ist Sensor 4, im Timer angezeigt wird nur Sensor 1",,,,,,,
,,,-> verwenden von DoPE.Boo_KraftSensor4 in,,,,,,,
,,,,"HoleDoPEDaten1, HoleDoPEDaten3, HoleDoPEDaten5, HoleDoPEDaten",,,,,,
,,,- Access - Violation wenn Kraft-Limit überschritten,,,,,,,
,,,    - mit ausgewähltem Sensor 4,,,,,,,
,,,    - ist später nicht mehr aufgetreten,,,,,,,
,,,,- uMsgAll = record,,Unterschied: packed Record und Record,,,,
,,,,,- DoPECE,,(2 x Word),,,
,,,,,- DoPERTE,,,,,
,,,,,- DoPERTErr,,( Word + 131 Byte),,,
,,,,,,- DoPEMCM,,(3 x Word + 3 x Double),,
,,,,,,- DoPESftM,,(2 x Word + 2 x Double),,
,,,,,,- DoPEOffsCM,,(1 x Word + 2 x Double),,
,,,,,,- DoPECheckM,,(3 x Word + 2 x Double),,
,,,,,,- DoPERefSignalM,,(2 x Word + 2 x Double),,
,,,,,- DoPESensorM,,(2 x Word + 1 x Double + 80 Byte),,,
,,,,,- DoPERawM,,(1 x Word + 128 Byte),,,
,,,    - zwei Varianten: mit / ohne packed Record,,,,,,,
,,,- Timer reagiert nicht mehr,,,,,,,
,,,    - ist später nicht mehr aufgetreten,,,,,,,
,,,- Programm läßt sich nicht beenden,,,,,,,
,,,    - Anzeige der Timer - Aktivität,,,,,,,
,,,    - Kommunikation mit Hounsfield ?,,,,,,,
,,,- Kei 2700: Dauer-Beep beim Programmstart (Kei 2700 war eingeschalten),,,,,,,
,,,"- Kei 2700: wenn Init bei Gerät aus, dann hilft nur Neustart des Programms",,,,,,,
,,,,,,,,,,
,,- Test der String -> Real-Umwandlungen,,,,,,,,
,,,,,,,,,,
,- Datenausgabe bei Kraftzyklen,,,,,,,,,
,,- ButtonKraftSteuerungZwischenablageHounsfield,,,,,,,,
,,,- DoPE.ZirkularPuffer.DatenZwischenablage,,,,,,,
,,,,- LeseAlleDaten,,,,,,
,,- ButtonKraftSteuerungMessungStart,,,,,,,,
,,,- Parameter übernehmen,,,,,,,
,,,,Minimalkraft zur Steuerung der Kraftzyklen,,,,,,
,,,,Biegedauer = HaltezeitNull1 + Zyklen + 2 * Anfahrt,,,,,,
,,,,Anzahl Meßwerte = AnzMW kann bei langen Meßzeiten begrenzt werden,,,,,,
,,,,Messung DMM nur mit einer Meßstelle möglich,,,,,,
,,,- Parameter eintragen,,,,,,,
,,,,- DoPE.EintragenKraftSteuerungReset;,,,,,,
,,,,- DoPE.EintragenZirkularPufferDelta(IPick);,,,,,,
,,,,"- DoPE.EintragenKraftSteuerung(Nennkraft, Kraftstufe, KraftSpeed, MinKraft1, MinKraft2);",,,,,,
,,,,"- DoPE.EintragenKraftZyklen(AnzZyk1, HaltezeitLast1, HaltezeitNull1);",,,,,,
,,,,- DoPE.SteuerungBiegung.EintragenKraftBiegedauer(Biegedauer);,,,,,,
,,,,- DoPE.SteuerungBiegung.EintragenKraftSpeedPosStart(SpeedPosStart);,,,,,,
,,,- TDoPE.StartenKraftZyklen,,,,,,,
,,,,- TSteuerungBiegung.VorbereitenStartKraftZyklen,,,,,,
,,,,,- aktIndSchritt := 0,,,,,
,,,,,- SchBg_StartPosSchnell,,,,,
,,,,,- SchBg_StartKraft,,,,,
,,,,,- SchBg_NennKraft,,,,,
,,,,,- SchBg_HalteLast,,,,,
,,,,,- SchBg_NullKraft,,,,,
,,,,,- SchBg_StartPos,,,,,
,,,,,- SchBg_HalteNull,,,,,
,,,,,- SchBg_ZyklusKraft,,,,,
,,,,,- SchBg_Ende,,,,,
,,,,,- IndNeuerZyklus := 2,,,,,
,,,,- if CopyDoPEDaten then,,,,,,
,,,,,"- TDoPE.HoleDoPEDaten1(ATime, APos, ALoad)",,,,,
,,,,,"- TSteuerungBiegung.EintragenNull(APos, ALoad)",,,,,
,,,,,- TDoPE.SetzeZeit(0),,,,,
,,,,,- ZirkularPufferCreate(AnzSpeicher),,,,,
,,,,,- TSteuerungBiegung.ZeitStart := Now,,,,,
,,,,,- TSteuerungBiegung.Steuerung,,,,,
,,,,,,,,,,
,- Datenausgabe bei Biegung,,,,,,,,,
,,- ButtonBiegungZwischenablage,,,,,,,,
,,,- DoPE.ZirkularPuffer.DatenZwischenablage,,,,,,,
,,- ButtonBiegungStart,,,,,,,,
,,,- Parameter übernehmen,,,,,,,
,,,- Parameter eintragen,,,,,,,
,,,- TDoPE.StartenBiegung,,,,,,,
,,,,- TSteuerungBiegung.VorbereitenStart,,,,,,
,,,,,- SchBg_Null,,,,,
,,,,,- SchBg_Delay,,,,,
,,,,,- SchBg_Druck,,,,,
,,,,,- SchBg_Delay,,,,,
,,,,,- SchBg_Runter,,,,,
,,,,,- SchBg_Delay,,,,,
,,,,,- SchBg_Zyklus,,,,,
,,,,,- SchBg_Ende,,,,,
,,,,- if CopyDoPEDaten then,,,,,,
,,,,,"- TDoPE.HoleDoPEDaten1(ATime, APos, ALoad)",,,,,
,,,,,"- TSteuerungBiegung.EintragenNull(APos, ALoad)",,,,,
,,,,,- TDoPE.SetzeZeit(0),,,,,
,,,,,- TSteuerungBiegung.Steuerung,,,,,
,,,,,,,,,,
,,- TSteuerungBiegung.Steuerung,,,,,,,,
,,,- SchBg_Null: SchrittNull;,,,,"Inc(aktZyk); SetTimer(0, 0, 1, @TimerBiegungProc)",,,
,,,- SchBg_Delay: SchrittDelay;,,,,"SetTimer(0, 0, Delayms, @TimerBiegungProc)",,,
,,,- SchBg_Druck: SchrittDruck;,,,,"DoPE.BewegungZielPositionZyklen(PosSpeed, HolePositionNull + DeltaPos)",,,
,,,,,,,"- DoPEPos(DHandle, CTRL_POS, V, Ziel, @Tan)",,,
,,,- SchBg_Runter: SchrittRunter;,,,,"DoPE.BewegungZielPositionZyklen(PosSpeed, HolePositionNull)",,,
,,,,,,,"- DoPEPos(DHandle, CTRL_POS, V, Ziel, @Tan)",,,
,,,- SchBg_Zyklus: SchrittZyklus;,,,,"Inc(aktZyk); SetTimer(0, 0, 1, @TimerBiegungProc)",,,
,,,- SchBg_Ende: SchrittEnde;,,,,DoPE.GehePosRuhe,,,
,,,,,,,"- DoPEPos(DHandle, CTRL_POS, V, Ziel, @Tan) mit V = 5 mm/s; Ziel = PosRuhe",,,
,,,- SchBg_StartPosSchnell: SchrittStartPosSchnell;,,,,DoPE.GehePosStartZyklen,,,
,,,,,,,"- DoPEPos(DHandle, CTRL_POS, V, Ziel, @Tan) mit V = 5 mm/s; Ziel := PosStart + 0.5",,,
,,,- SchBg_StartPos: SchrittStartPos;,,,,DoPE.GehePosStartZyklen2(SpeedPosStartKraft),,,
,,,- SchBg_StartKraft: SchrittStartKraft;,,,,"DoPE.BewegungZielKraftZyklen(KraftSpeed, HoleKraftNull - aktInfoKraftZyklus.KraftMin1)",,,
,,,,,,,"- DoPEPosG2(DHandle, CTRL_LOAD, V, Ziel, CTRL_LOAD, Ziel, @Tan)",,,
,,,- SchBg_NennKraft: SchrittNennKraft;,,,,aktInfoKraftZyklus.SekLastIst := 24 * 3600 * (Now - ZeitStart);,,,
,,,,,,,"DoPE.BewegungZielKraftZyklen(KraftSpeed, HoleKraftNull - aktInfoKraftZyklus.KraftMax)",,,
,,,,,,,"- DoPEPosG2(DHandle, CTRL_LOAD, V, Ziel, CTRL_LOAD, Ziel, @Tan)",,,
,,,- SchBg_HalteLast: SchrittHalteLast;,,,,"ms := Round(1000 * aktInfoKraftZyklus.SekLast); SetTimer(0, 0, ms, @TimerBiegungProc)",,,
,,,- SchBg_NullKraft: SchrittNullKraft;,,,,aktInfoKraftZyklus.SekNullIst := 24 * 3600 * (Now - ZeitStart);,,,
,,,,,,,"DoPE.BewegungZielKraftZyklen(KraftSpeed, HoleKraftNull - aktInfoKraftZyklus.KraftMin2)",,,
,,,,,,,"- DoPEPosG2(DHandle, CTRL_LOAD, V, Ziel, CTRL_LOAD, Ziel, @Tan)",,,
,,,- SchBg_HalteNull: SchrittHalteNull;,,,,"ms := Round(1000 * aktInfoKraftZyklus.SekNull); SetTimer(0, 0, ms, @TimerBiegungProc)",,,
,,,- SchBg_ZyklusKraft: SchrittZyklusKraft;,,,,"Inc(aktZyk); SetTimer(0, 0, 1, @TimerBiegungProc)",,,
,,,,,,,,,,
,,,,,,,,,,
,- Datenspeicherung in ZirkularPuffer,,,,,,,,,
,,- TMyDoPEData = Daten im Zirkularpuffer,,,,,,,,
,,,"- Boo_Null, Boo_Sens4 : Boolean;",,,,,,,
,,,- Cycles : DWord;,,,,,,,
,,,"- Time, Position, Load, Extension, SensorD : Double;",,,,,,,
,,,,,,,,,,
,,,,,,,,,,
,,"- DoPEData, PDoPEData = DoPE-Datenstruktur",,,,,,,,
,,"- TDoPE.DData, DData1 : DoPEData;",,,,,,,,
,,- mit DoPE.SchreibeZirkularPuffer,,,,,,,,
,,,- ZirkularPuffer.SchreibeDaten(DData),,,,,,,
,,,"- Daten werden direkt ohne Umrechnung übernommen, Kraft je nach Sensortyp",,,,,,,
,,- TDoPE.RouCBPuffer := DoPE.SchreibeZirkularPuffer,,,,,,,,
,,,,,,,,,,
,,,,,,,,,,
,- Eintragen Kraft Null,,,,,,,,,
,,- TSteuerungBiegung.EintragenNull,,,,,,,,
,,,"- TSteuerungBiegung.PositionNull, KraftNull",,,,,,,
,,,,- TSteuerungBiegung.HolePositionNull,,,,,,
,,,,- TSteuerungBiegung.HoleKraftNull,,,,,,
,,,- Houns02:,- TDoPE.StartenBiegung,,,,,,
,,,,- TDoPE.StartenKraftZyklen,,,,,,
,,,- TSteuerungBiegung.HoleKraftNull,,,,,,,
,,,,- TZirkularPuffer.DatenZwischenablage,,,,,,
,,,,,,,,,,
,,,,,,,,,,
,,- TSensorMessdaten.EintragenNull,,,,,,,,
,,,- Houns02:,,,,,,,
,,,,- TSensorenMessung.EintragenKopf,,,,,,
,,- TSensorenMessung.EintragenNull,,,,,,,,
,,,- Houns01:,- TFormDruckSensor.ButtonMessungStartClick,,,,,,
,,,,- TFormDruckSensor.ButtonNeuMessungStartClick,,,,,,
,,,,,,,,,,
,,,,,,,,,,
,- Verwendung unklar:,,,,,,,,,
,"    TanMsg, TanMsgZyk, TanMsgStufen,",,,,,,,,,
,"    TanStartKraft, TanKontakt, TanKontaktKraft,",,,,,,,,,
,"    TanMatrixWeiter, TanTemp01, TanTemp02, TanDyn : DWord;",,,,,,,,,
,,,,,,,,,,
,const,,,,,,,,,
,  CM_WmMessage = WM_USER;                   { for Windows-Messages },,,,,,,,,
,  CM_CbMessage = WM_USER + 1;               { for Callback },,,,,,,,,
,  CM_MyMessage = WM_USER + 2;               { für Pos },,,,,,,,,
,  CM_MyMessageStufen = WM_USER + 3;         { für Stufenmessung },,,,,,,,,
,  CM_MyMessageAutoW = WM_USER + 5;          { für weitere Automatisierung },,,,,,,,,
,  CM_MyMessageKontakt = WM_USER + 6;        { für Matrix: PositionStart },,,,,,,,,
,  CM_MyMessageKontaktKraft = WM_USER + 7;   { für Matrix: weiter mit Startkraft und Kontakttest },,,,,,,,,
,  CM_MyMessageMatrix = WM_USER + 8;         { für Matrix: am Ende der Messung zurück zur Steuerung },,,,,,,,,
,  CM_MyMessageTemp01 = WM_USER + 9;         { für GeheStartPosSchnell },,,,,,,,,
,  CM_MyMessageTemp02 = WM_USER + 10;        { für GeheStartPosSchnell -Zyklen- },,,,,,,,,
,  CM_MyMessageDyn = WM_USER + 11;           { für Kraft zurück für dynamische Messungen },,,,,,,,,
,  CM_MyMessageZyklen = WM_USER + 12;        { für DelPos und zurück mit Zyklen },,,,,,,,,
,,,,,,,,,,
,- DigitalPoti,- Message CM_CbMessage;,,,,,,,,
,,- TFormDruckSensor.CMCbMessage(var Message: TMessage),,,,,,,,
,,- TDoPE.RouCbMessage(var Message: TMessage),,,,,,,,
,,,- DoPEEVT_DATAVAIL,,,,,,,
,,,- RoutineDigipoti,,,,,,,
,,,- EinstellenRoutineDigipoti,,,,,,,
,,Message CM_WmMessage;,,,,,,,,
,,- TFormDruckSensor.CMWmMessage(var Message: TMessage);,,,,,,,,
,,- GetData(Message.LParam);,,,,,,,,
,,- TDoPE.RouGetData(Event: DWord);,,,,,,,,
,,,- DoPEEVT_DATAVAIL,,,,,,,
,,,- RoutineDigipoti,,,,,,,
,,,- EinstellenRoutineDigipoti,,,,,,,
,,- RoutineDigipoti,,,,,,,,
,,,"- AktionDigipotiGeschwindigkeitUni, AktionDigipotiGeschwindigkeitBi, AktionDigipotiPositionManuell, AktionDigipotiKraftManuell, RoutineDigipotiAus",,,,,,,
,,,- TDoPE.AktionDigipotiPositionManuell;,,,,,,,
,,,,"- ScalePos_DPoti, ScalePos0_DPoti",,,,,,
,,,,- Startwerte = 1 [mm/U],,,,,,
,,,,,,,,,,
,,,,,,,,,,
,,,,,,,,,,
,,,,,,,,,,
,- Programmerweiterungen,,,,,,,,,
,,- (+) bei Kraftzyklen die Kraft auf die Mindestkraft beziehen,,,,,,,,
,,- Grafik bei Kraftzyklen,,,,,,,,
,,- Grafik bei Biegezyklen,,,,,,,,
,,- Grafik bei aktueller Messung,,,,,,,,
,,- Meßdaten einlesen für Grafik und Auwertung,,,,,,,,
,,,,,,,,,,
,- Grafik,,,,,,,,,
,,"- ImageBiegungGrafik: Grafik, Anfang, Ende, Maximum, Minimum",,,,,,,,
,,- ButtonBiegungGrafikZeichnen,,,,,,,,
,,,"- DoPE.GrafikBiegung.GrafikErstellen(ImageBiegungGrafik.Canvas, I)",,,,,,,
,,,- verwendet werden Meßwerte aus DoPE.MessdatenBiegung,,,,,,,
,,,,"- DMMPunkte, DMMPunkteSync,                     { TPunkte; Meßwerte und Transformation }",,,,,,
,,,,"- HounsPunkte, HounsPunkteSync : TList;         { TBiegePunkte; Meßwerte und Interpolation }",,,,,,
,,,,,,,,,,
,,,- Index = 1: aktKurve := Kurve_KraftSensor_Pos_Kraft;,,,,,,,
,,,- Index = 2: aktKurve := Kurve_KraftSensor_Signal;,,,,,,,
,,,- Index = 3: aktKurve := Kurve_KraftSensor_Kraft_Signal_Mess;,,,,,,,
,,,- Index = 4: aktKurve := Kurve_KraftSensor_Kraft_Signal_Sync;,,,,,,,
,,,- Index = 5: aktKurve := Kurve_KraftSensor_Kraft_Signal_Ende;,,,,,,,
,,,,,,,,,,
,,,- TMessdatenBiegung.EintragenHounsPunkte,,,,,,,
,,,,- TDoPE.HolenMesswerteHounsfieldKraft;,,,,-> Daten aus ZirkularPuffer,,
,,,,- TDoPE.HolenDateiMesswerteHounsfieldKraft,,,,"-> Daten aus Zwischenablage, mit / ohne Datenreduktion",,
,,,,,,,,,,
,,,- TMessdatenBiegung.EintragenDMMPunkte,,,,,,,
,,,,- TSteuerungBiegung.SteuerungDMMDirekt;,,,,"- in TimerDMMDirektProc, in TDoPE.MesswerteDMMKraftDirekt",,
,,,,- TDoPE.HolenMesswerteDMMKraft;,,,,-> Daten aus Keithey-Speicher,,
,,,,- TDoPE.HolenDateiMesswerteDMMKraft,,,,"-> Daten aus Zwischenablage, mit / ohne Datenreduktion",,
,,,,,,,,,,
,,,- TMessdatenBiegung.BerechneTransformation,,,,,,,
,,,,,,,,,,
,,,- TMessdatenBiegung.BerechneInterpolation,,,,,,,
